Model,MAE,RMSE
SARIMA,0.12,0.18
Attention LSTM,0.043766436359938765,0.04569858158823368
