epoch,loss,val_loss
0,0.012500996701419353,0.00011216286657145247
1,0.006582207977771759,0.001371774123981595
2,0.0028803839813917875,0.0039848582819104195
3,0.0013272203505039215,0.007239236030727625
4,0.0015535246348008513,0.009812006726861
5,0.0025937047321349382,0.010741932317614555
6,0.0033243545331060886,0.01011290680617094
7,0.003315932583063841,0.008523485623300076
8,0.00275731785222888,0.006571396254003048
9,0.002010804833844304,0.0046846820041537285
